"daa_score","block_timestamp","block_datetime"
"0","1636298787842","2021-11-07 15:26:27.842+00"
"87133","1636386662010","2021-11-08 15:51:02.01+00"
"176797","1636473700804","2021-11-09 16:01:40.804+00"
"264837","1636560706885","2021-11-10 16:11:46.885+00"
"355974","1636650005662","2021-11-11 17:00:05.662+00"
"445152","1636737841327","2021-11-12 17:24:01.327+00"
"536709","1636828600930","2021-11-13 18:36:40.93+00"
"624635","1636912614350","2021-11-14 17:56:54.35+00"
"712234","1636999362832","2021-11-15 18:02:42.832+00"
"801831","1637088292662","2021-11-16 18:44:52.662+00"
"890716","1637174890675","2021-11-17 18:48:10.675+00"
"978396","1637260956454","2021-11-18 18:42:36.454+00"
"1068387","1637349078269","2021-11-19 19:11:18.269+00"
"1139626","1637418723538","2021-11-20 14:32:03.538+00"
"1218320","1637495941516","2021-11-21 11:59:01.516+00"
"1312860","1637609671037","2021-11-22 19:34:31.037+00"
"1312860","1637609671037","2021-11-22 19:34:31.037+00"
"1400104","1637955047535","2021-11-26 19:30:47.535+00"
"1487690","1638041447165","2021-11-27 19:30:47.165+00"
"1575299","1638128429277","2021-11-28 19:40:29.277+00"
"1664188","1638215910429","2021-11-29 19:58:30.429+00"
"1751552","1638302276398","2021-11-30 19:57:56.398+00"
"1839923","1638389583075","2021-12-01 20:13:03.075+00"
"1928468","1638476880878","2021-12-02 20:28:00.878+00"
"2018275","1638564415769","2021-12-03 20:46:55.769+00"
"2106481","1638651734596","2021-12-04 21:02:14.596+00"
"2194798","1638738852427","2021-12-05 21:14:12.427+00"
"2283507","1638826527130","2021-12-06 21:35:27.13+00"
"2375273","1638916631812","2021-12-07 22:37:11.812+00"
"2468255","1639008078445","2021-12-09 00:01:18.445+00"
"2560191","1639099317705","2021-12-10 01:21:57.705+00"
"2651892","1639190231248","2021-12-11 02:37:11.248+00"
"2742373","1639280510552","2021-12-12 03:41:50.552+00"
"2832039","1639369804632","2021-12-13 04:30:04.632+00"
"2921680","1639459142728","2021-12-14 05:19:02.728+00"
"3012861","1639549872398","2021-12-15 06:31:12.398+00"
"3102124","1639638546949","2021-12-16 07:09:06.949+00"
"3190752","1639726741014","2021-12-17 07:39:01.014+00"
"3281178","1639816664647","2021-12-18 08:37:44.647+00"
"3369842","1639904641587","2021-12-19 09:04:01.587+00"
"3457697","1639992241905","2021-12-20 09:24:01.905+00"
"3545240","1640079761509","2021-12-21 09:42:41.509+00"
"3632954","1640167246658","2021-12-22 10:00:46.658+00"
"3720733","1640254874526","2021-12-23 10:21:14.526+00"
"3808260","1640342088920","2021-12-24 10:34:48.92+00"
"3896076","1640429772953","2021-12-25 10:56:12.953+00"
"3983654","1640517160338","2021-12-26 11:12:40.338+00"
"4071137","1640604624232","2021-12-27 11:30:24.232+00"
"4158713","1640692898524","2021-12-28 12:01:38.524+00"
"4246069","1640779168616","2021-12-29 11:59:28.616+00"
"4333352","1640866119793","2021-12-30 12:08:39.793+00"
"4420970","1640953223728","2021-12-31 12:20:23.728+00"
"4508011","1641039845936","2022-01-01 12:24:05.936+00"
"4595009","1641126563189","2022-01-02 12:29:23.189+00"
"4681843","1641213141701","2022-01-03 12:32:21.701+00"
"4768941","1641299991582","2022-01-04 12:39:51.582+00"
"4855854","1641386532770","2022-01-05 12:42:12.77+00"
"4942672","1641472985279","2022-01-06 12:43:05.279+00"
"5029609","1641559074024","2022-01-07 12:37:54.024+00"
"5116639","1641645366554","2022-01-08 12:36:06.554+00"
"5203614","1641731791496","2022-01-09 12:36:31.496+00"
"5290467","1641818151153","2022-01-10 12:35:51.153+00"
"5377274","1641904295832","2022-01-11 12:31:35.832+00"
"5464165","1641990550230","2022-01-12 12:29:10.23+00"
"5551797","1642077563008","2022-01-13 12:39:23.008+00"
"5638894","1642164047596","2022-01-14 12:40:47.596+00"
"5726389","1642250843584","2022-01-15 12:47:23.584+00"
"5813602","1642337146326","2022-01-16 12:45:46.326+00"
"5900414","1642422266026","2022-01-17 12:24:26.026+00"
"5987975","1642507533880","2022-01-18 12:05:33.88+00"
"6079295","1642597906062","2022-01-19 13:11:46.062+00"
"6170335","1642687605269","2022-01-20 14:06:45.269+00"
"6258091","1642775010122","2022-01-21 14:23:30.122+00"
"6345510","1642861498149","2022-01-22 14:24:58.149+00"
"6432321","1642947954311","2022-01-23 14:25:54.311+00"
"6518980","1643034175000","2022-01-24 14:22:55+00"
"6605617","1643120543000","2022-01-25 14:22:23+00"
"6692260","1643207056473","2022-01-26 14:24:16.473+00"
"6778852","1643293696307","2022-01-27 14:28:16.307+00"
"6865420","1643379946000","2022-01-28 14:25:46+00"
"6951948","1643466392255","2022-01-29 14:26:32.255+00"
"7038511","1643552703000","2022-01-30 14:25:03+00"
"7125024","1643638895000","2022-01-31 14:21:35+00"
"7211720","1643725167369","2022-02-01 14:19:27.369+00"
"7298742","1643811843634","2022-02-02 14:24:03.634+00"
"7385876","1643898557267","2022-02-03 14:29:17.267+00"
"7473212","1643985624626","2022-02-04 14:40:24.626+00"
"7559890","1644071994001","2022-02-05 14:39:54.001+00"
"7646512","1644158118670","2022-02-06 14:35:18.67+00"
"7733515","1644244593000","2022-02-07 14:36:33+00"
"7820646","1644331720574","2022-02-08 14:48:40.574+00"
"7907965","1644418654000","2022-02-09 14:57:34+00"
"7995278","1644505604505","2022-02-10 15:06:44.505+00"
"8082524","1644592652000","2022-02-11 15:17:32+00"
"8178255","1644687888443","2022-02-12 17:44:48.443+00"
"8266678","1644775857000","2022-02-13 18:10:57+00"
"8353457","1644862272000","2022-02-14 18:11:12+00"
"8440554","1644948866000","2022-02-15 18:14:26+00"
"8527532","1645035314951","2022-02-16 18:15:14.951+00"
"8614999","1645122541162","2022-02-17 18:29:01.162+00"
"8701706","1645209102722","2022-02-18 18:31:42.722+00"
"8788445","1645295609000","2022-02-19 18:33:29+00"
"8875201","1645382188000","2022-02-20 18:36:28+00"
"8961950","1645468597475","2022-02-21 18:36:37.475+00"
"9048643","1645555148285","2022-02-22 18:39:08.285+00"
"9135410","1645641613700","2022-02-23 18:40:13.7+00"
"9221910","1645728037055","2022-02-24 18:40:37.055+00"
"9308420","1645814416318","2022-02-25 18:40:16.318+00"
"9394961","1645900702219","2022-02-26 18:38:22.219+00"
"9481798","1645987367402","2022-02-27 18:42:47.402+00"
"9568568","1646073866929","2022-02-28 18:44:26.929+00"
"9655520","1646160782000","2022-03-01 18:53:02+00"
"9750455","1646255444001","2022-03-02 21:10:44.001+00"
"9837352","1646342020588","2022-03-03 21:13:40.588+00"
"9925790","1646430059048","2022-03-04 21:40:59.048+00"
"10013446","1646518373580","2022-03-05 22:12:53.58+00"
"10100498","1646605268274","2022-03-06 22:21:08.274+00"
"10187810","1646692271051","2022-03-07 22:31:11.051+00"
"10280487","1646784257262","2022-03-09 00:04:17.262+00"
"10368407","1646871005838","2022-03-10 00:10:05.838+00"
"10457538","1646959740524","2022-03-11 00:49:00.524+00"
"10548601","1647049550325","2022-03-12 01:45:50.325+00"
"10635349","1647135667059","2022-03-13 01:41:07.059+00"
"10723409","1647222584446","2022-03-14 01:49:44.446+00"
"10810699","1647308984795","2022-03-15 01:49:44.795+00"
"10898281","1647395533849","2022-03-16 01:52:13.849+00"
"10985174","1647481235452","2022-03-17 01:40:35.452+00"
"11071954","1647567362168","2022-03-18 01:36:02.168+00"
"11158610","1647653440816","2022-03-19 01:30:40.816+00"
"11245468","1647740084214","2022-03-20 01:34:44.214+00"
"11332411","1647825871209","2022-03-21 01:24:31.209+00"
"11419215","1647911970387","2022-03-22 01:19:30.387+00"
"11505754","1647998088560","2022-03-23 01:14:48.56+00"
"11592506","1648084196049","2022-03-24 01:09:56.049+00"
"11679806","1648170809942","2022-03-25 01:13:29.942+00"
"11766515","1648256703342","2022-03-26 01:05:03.342+00"
"11855961","1648345059042","2022-03-27 01:37:39.042+00"
"11943013","1648429959514","2022-03-28 01:12:39.514+00"
"12030347","1648516429272","2022-03-29 01:13:49.272+00"
"12116988","1648602671831","2022-03-30 01:11:11.831+00"
"12203636","1648688740562","2022-03-31 01:05:40.562+00"
"12290300","1648774629138","2022-04-01 00:57:09.138+00"
"12376989","1648859659013","2022-04-02 00:34:19.013+00"
"12463556","1648944496860","2022-04-03 00:08:16.86+00"
"12550159","1649029357955","2022-04-03 23:42:37.955+00"
"12636824","1649115155823","2022-04-04 23:32:35.823+00"
"12723345","1649201606617","2022-04-05 23:33:26.617+00"
"12809841","1649288078875","2022-04-06 23:34:38.875+00"
"12896339","1649374280217","2022-04-07 23:31:20.217+00"
"12982823","1649460694959","2022-04-08 23:31:34.959+00"
"13069330","1649546848123","2022-04-09 23:27:28.123+00"
"13155817","1649633055236","2022-04-10 23:24:15.236+00"
"13242304","1649719607852","2022-04-11 23:26:47.852+00"
"13328870","1649805632311","2022-04-12 23:20:32.311+00"
"13415701","1649892174248","2022-04-13 23:22:54.248+00"
"13502337","1649978436602","2022-04-14 23:20:36.602+00"
"13588816","1650064781413","2022-04-15 23:19:41.413+00"
"13675266","1650151162040","2022-04-16 23:19:22.04+00"
"13761769","1650237544640","2022-04-17 23:19:04.64+00"
"13848264","1650324034648","2022-04-18 23:20:34.648+00"
"13934786","1650411044744","2022-04-19 23:30:44.744+00"
"14021272","1650497343632","2022-04-20 23:29:03.632+00"
"14107778","1650583335211","2022-04-21 23:22:15.211+00"
"14194304","1650669744624","2022-04-22 23:22:24.624+00"
"14280793","1650756162387","2022-04-23 23:22:42.387+00"
"14367278","1650842599892","2022-04-24 23:23:19.892+00"
"14453768","1650929103925","2022-04-25 23:25:03.925+00"
"14540228","1651015801032","2022-04-26 23:30:01.032+00"
"14626688","1651102081021","2022-04-27 23:28:01.021+00"
"14713162","1651188653174","2022-04-28 23:30:53.174+00"
"14799583","1651274911199","2022-04-29 23:28:31.199+00"
"14886034","1651361277819","2022-04-30 23:27:57.819+00"
"14972474","1651448414289","2022-05-01 23:40:14.289+00"
"15058911","1651535489883","2022-05-02 23:51:29.883+00"
"15145373","1651621953577","2022-05-03 23:52:33.577+00"
"15231923","1651708306756","2022-05-04 23:51:46.756+00"
"15318378","1651794857722","2022-05-05 23:54:17.722+00"
"15404827","1651881112980","2022-05-06 23:51:52.98+00"
"15491271","1651967627875","2022-05-07 23:53:47.875+00"
"15577723","1652053991338","2022-05-08 23:53:11.338+00"
"15664174","1652140441388","2022-05-09 23:54:01.388+00"
"15750668","1652226754009","2022-05-10 23:52:34.009+00"
"15837116","1652312234326","2022-05-11 23:37:14.326+00"
"15923598","1652398964204","2022-05-12 23:42:44.204+00"
"16010059","1652484714856","2022-05-13 23:31:54.856+00"
"16096516","1652571597987","2022-05-14 23:39:57.987+00"
"16182962","1652657737768","2022-05-15 23:35:37.768+00"
"16269413","1652743899641","2022-05-16 23:31:39.641+00"
"16355880","1652830817182","2022-05-17 23:40:17.182+00"
"16442340","1652916996151","2022-05-18 23:36:36.151+00"
"16528780","1653002572605","2022-05-19 23:22:52.605+00"
"16615268","1653089565811","2022-05-20 23:32:45.811+00"
"16701727","1653175034685","2022-05-21 23:17:14.685+00"
"16788188","1653261421585","2022-05-22 23:17:01.585+00"
"16874632","1653347741690","2022-05-23 23:15:41.69+00"
"16961068","1653433919783","2022-05-24 23:11:59.783+00"
"17047982","1653520690793","2022-05-25 23:18:10.793+00"
"17134683","1653607640221","2022-05-26 23:27:20.221+00"
"17221979","1653694304653","2022-05-27 23:31:44.653+00"
"17308448","1653781075155","2022-05-28 23:37:55.155+00"
"17394964","1653867755940","2022-05-29 23:42:35.94+00"
"17481384","1653954027311","2022-05-30 23:40:27.311+00"
"17567811","1654040543809","2022-05-31 23:42:23.809+00"
"17654236","1654126777181","2022-06-01 23:39:37.181+00"
"17740813","1654212667927","2022-06-02 23:31:07.927+00"
"17827884","1654298178658","2022-06-03 23:16:18.658+00"
"17914313","1654384290980","2022-06-04 23:11:30.98+00"
"18000742","1654470439544","2022-06-05 23:07:19.544+00"
"18087188","1654556224854","2022-06-06 22:57:04.854+00"
"18173667","1654642169834","2022-06-07 22:49:29.834+00"
"18260283","1654728878820","2022-06-08 22:54:38.82+00"
"18347013","1654815291804","2022-06-09 22:54:51.804+00"
"18433528","1654900837526","2022-06-10 22:40:37.526+00"
"18519970","1654987320329","2022-06-11 22:42:00.329+00"
"18606420","1655073723826","2022-06-12 22:42:03.826+00"
"18692850","1655160476715","2022-06-13 22:47:56.715+00"
"18779612","1655247278254","2022-06-14 22:54:38.254+00"
"18866113","1655333484975","2022-06-15 22:51:24.975+00"
"18952561","1655419971450","2022-06-16 22:52:51.45+00"
"19039029","1655506306403","2022-06-17 22:51:46.403+00"
"19125496","1655592763117","2022-06-18 22:52:43.117+00"
"19211943","1655679207583","2022-06-19 22:53:27.583+00"
"19298392","1655765665531","2022-06-20 22:54:25.531+00"
"19384906","1655851908157","2022-06-21 22:51:48.157+00"
"19471428","1655938139297","2022-06-22 22:48:59.297+00"
"19557948","1656024712917","2022-06-23 22:51:52.917+00"
"19644510","1656111290452","2022-06-24 22:54:50.452+00"
"19731268","1656197800342","2022-06-25 22:56:40.342+00"
"19817714","1656284153536","2022-06-26 22:55:53.536+00"
"19904412","1656371004557","2022-06-27 23:03:24.557+00"
"19990935","1656457188775","2022-06-28 22:59:48.775+00"
"20077431","1656543605171","2022-06-29 23:00:05.171+00"
"20163907","1656630015546","2022-06-30 23:00:15.546+00"
"20250344","1656716571587","2022-07-01 23:02:51.587+00"
"20336794","1656803089532","2022-07-02 23:04:49.532+00"
"20423272","1656889365524","2022-07-03 23:02:45.524+00"
"20509886","1656975790594","2022-07-04 23:03:10.594+00"
"20596430","1657061963070","2022-07-05 22:59:23.07+00"
"20682855","1657148159788","2022-07-06 22:55:59.788+00"
"20769412","1657234666143","2022-07-07 22:57:46.143+00"
"20855835","1657320768995","2022-07-08 22:52:48.995+00"
"20942260","1657406979630","2022-07-09 22:49:39.63+00"
"21028699","1657493197082","2022-07-10 22:46:37.082+00"
"21115136","1657579291266","2022-07-11 22:41:31.266+00"
"21201569","1657665370209","2022-07-12 22:36:10.209+00"
"21287995","1657751607524","2022-07-13 22:33:27.524+00"
"21374415","1657837728143","2022-07-14 22:28:48.143+00"
"21460863","1657924182191","2022-07-15 22:29:42.191+00"
"21547330","1658010320015","2022-07-16 22:25:20.015+00"
"21633749","1658096401646","2022-07-17 22:20:01.646+00"
"21720173","1658182396334","2022-07-18 22:13:16.334+00"
"21806593","1658268472532","2022-07-19 22:07:52.532+00"
"21893026","1658354423573","2022-07-20 22:00:23.573+00"
"21979460","1658440601379","2022-07-21 21:56:41.379+00"
"22065879","1658526757513","2022-07-22 21:52:37.513+00"
"22152291","1658613009660","2022-07-23 21:50:09.66+00"
"22238760","1658699199453","2022-07-24 21:46:39.453+00"
"22325209","1658785560004","2022-07-25 21:46:00.004+00"
"22411624","1658871567438","2022-07-26 21:39:27.438+00"
"22498074","1658957986672","2022-07-27 21:39:46.672+00"
"22584522","1659044056804","2022-07-28 21:34:16.804+00"
"22670957","1659130336769","2022-07-29 21:32:16.769+00"
"22757447","1659216399082","2022-07-30 21:26:39.082+00"
"22844065","1659302583436","2022-07-31 21:23:03.436+00"
"22930896","1659388786018","2022-08-01 21:19:46.018+00"
"23017304","1659474770095","2022-08-02 21:12:50.095+00"
"23103711","1659560922358","2022-08-03 21:08:42.358+00"
"23190165","1659646848811","2022-08-04 21:00:48.811+00"
"23276600","1659733101033","2022-08-05 20:58:21.033+00"
"23363036","1659819392716","2022-08-06 20:56:32.716+00"
"23449447","1659905645467","2022-08-07 20:54:05.467+00"
"23535874","1659991692383","2022-08-08 20:48:12.383+00"
"23622297","1660078063200","2022-08-09 20:47:43.2+00"
"23708727","1660164544585","2022-08-10 20:49:04.585+00"
"23795150","1660250894040","2022-08-11 20:48:14.04+00"
"23881564","1660337390122","2022-08-12 20:49:50.122+00"
"23968248","1660423953868","2022-08-13 20:52:33.868+00"
"24054655","1660510272332","2022-08-14 20:51:12.332+00"
"24141091","1660597044135","2022-08-15 20:57:24.135+00"
"24227565","1660683052063","2022-08-16 20:50:52.063+00"
"24313974","1660769312077","2022-08-17 20:48:32.077+00"
"24400398","1660855690477","2022-08-18 20:48:10.477+00"
"24486812","1660942002653","2022-08-19 20:46:42.653+00"
"24573285","1661028505491","2022-08-20 20:48:25.491+00"
"24659695","1661114831597","2022-08-21 20:47:11.597+00"
"24746120","1661201185396","2022-08-22 20:46:25.396+00"
"24832554","1661287671534","2022-08-23 20:47:51.534+00"
"24919088","1661374031473","2022-08-24 20:47:11.473+00"
"25005551","1661460518088","2022-08-25 20:48:38.088+00"
"25091984","1661546870444","2022-08-26 20:47:50.444+00"
"25178480","1661633277656","2022-08-27 20:47:57.656+00"
"25264972","1661719714499","2022-08-28 20:48:34.499+00"
"25351412","1661806207171","2022-08-29 20:50:07.171+00"
"25437940","1661892653989","2022-08-30 20:50:53.989+00"
"25524373","1661979091129","2022-08-31 20:51:31.129+00"
"25610798","1662065422457","2022-09-01 20:50:22.457+00"
"25697222","1662151851295","2022-09-02 20:50:51.295+00"
"25783646","1662238287288","2022-09-03 20:51:27.288+00"
"25870068","1662324670004","2022-09-04 20:51:10.004+00"
"25956507","1662411086810","2022-09-05 20:51:26.81+00"
"26042937","1662497524209","2022-09-06 20:52:04.209+00"
"26129363","1662583788799","2022-09-07 20:49:48.799+00"
"26221465","1662675030944","2022-09-08 22:10:30.944+00"
"26307904","1662761450064","2022-09-09 22:10:50.064+00"
"26394317","1662847785138","2022-09-10 22:09:45.138+00"
"26481527","1662934952685","2022-09-11 22:22:32.685+00"
"26570017","1663023320605","2022-09-12 22:55:20.605+00"
"26657800","1663111171765","2022-09-13 23:19:31.765+00"
"26744991","1663198235709","2022-09-14 23:30:35.709+00"
"26831601","1663284609692","2022-09-15 23:30:09.692+00"
"26918248","1663370676024","2022-09-16 23:24:36.024+00"
"27005094","1663457215660","2022-09-17 23:26:55.66+00"
"27092123","1663544005935","2022-09-18 23:33:25.935+00"
"27178969","1663630936741","2022-09-19 23:42:16.741+00"
"27265896","1663717746953","2022-09-20 23:49:06.953+00"
"27352448","1663804222137","2022-09-21 23:50:22.137+00"
"27438982","1663890741452","2022-09-22 23:52:21.452+00"
"27525878","1663977599675","2022-09-23 23:59:59.675+00"
"27613104","1664064829832","2022-09-25 00:13:49.832+00"
"27700457","1664152208280","2022-09-26 00:30:08.28+00"
"27787197","1664238695570","2022-09-27 00:31:35.57+00"
"27873690","1664325164190","2022-09-28 00:32:44.19+00"
"27960445","1664411911337","2022-09-29 00:38:31.337+00"
"28046893","1664498420362","2022-09-30 00:40:20.362+00"
"28133320","1664584938967","2022-10-01 00:42:18.967+00"
"28219927","1664671449825","2022-10-02 00:44:09.825+00"
"28306468","1664757998442","2022-10-03 00:46:38.442+00"
"28392981","1664844612478","2022-10-04 00:50:12.478+00"
"28479491","1664931141604","2022-10-05 00:52:21.604+00"
"28566362","1665017959943","2022-10-06 00:59:19.943+00"
"28653142","1665104756221","2022-10-07 01:05:56.221+00"
"28739605","1665191207370","2022-10-08 01:06:47.37+00"
"28826207","1665277766532","2022-10-09 01:09:26.532+00"
"28912831","1665364285721","2022-10-10 01:11:25.721+00"
"28999313","1665450818472","2022-10-11 01:13:38.472+00"
"29086023","1665537450327","2022-10-12 01:17:30.327+00"
"29172646","1665624056803","2022-10-13 01:20:56.803+00"
"29259225","1665710639663","2022-10-14 01:23:59.663+00"
"29345688","1665797066066","2022-10-15 01:24:26.066+00"
"29432274","1665883629283","2022-10-16 01:27:09.283+00"
"29518819","1665970165486","2022-10-17 01:29:25.486+00"
"29605360","1666056644926","2022-10-18 01:30:44.926+00"
"29691802","1666143119220","2022-10-19 01:31:59.22+00"
"29778474","1666229727523","2022-10-20 01:35:27.523+00"
"29864920","1666316232440","2022-10-21 01:37:12.44+00"
"29951426","1666402710547","2022-10-22 01:38:30.547+00"
"30037986","1666489278417","2022-10-23 01:41:18.417+00"
"30124423","1666575623648","2022-10-24 01:40:23.648+00"
"30210942","1666662196140","2022-10-25 01:43:16.14+00"
"30297408","1666748676313","2022-10-26 01:44:36.313+00"
"30383902","1666835177778","2022-10-27 01:46:17.778+00"
"30470333","1666921531382","2022-10-28 01:45:31.382+00"
"30556924","1667008154856","2022-10-29 01:49:14.856+00"
"30643566","1667094676751","2022-10-30 01:51:16.751+00"
"30730023","1667181146886","2022-10-31 01:52:26.886+00"
"30816469","1667267637238","2022-11-01 01:53:57.238+00"
"30903016","1667354121702","2022-11-02 01:55:21.702+00"
"30989695","1667440717748","2022-11-03 01:58:37.748+00"
"31076288","1667527135514","2022-11-04 01:58:55.514+00"
"31162848","1667613584258","2022-11-05 01:59:44.258+00"
"31249332","1667699960648","2022-11-06 01:59:20.648+00"
"31335813","1667786451566","2022-11-07 02:00:51.566+00"
"31422442","1667873027719","2022-11-08 02:03:47.719+00"
"31508901","1667959362161","2022-11-09 02:02:42.161+00"
"31595362","1668045850128","2022-11-10 02:04:10.128+00"
"31681819","1668132289102","2022-11-11 02:04:49.102+00"
"31768302","1668218674004","2022-11-12 02:04:34.004+00"
"31854804","1668305182007","2022-11-13 02:06:22.007+00"
"31941268","1668391613042","2022-11-14 02:06:53.042+00"
"32027900","1668477993288","2022-11-15 02:06:33.288+00"
"32114747","1668564767785","2022-11-16 02:12:47.785+00"
"32201340","1668651304104","2022-11-17 02:15:04.104+00"
"32287818","1668737722937","2022-11-18 02:15:22.937+00"
"32374315","1668824092898","2022-11-19 02:14:52.898+00"
"32460765","1668910557284","2022-11-20 02:15:57.284+00"
"32547238","1668996926849","2022-11-21 02:15:26.849+00"
"32633704","1669083373321","2022-11-22 02:16:13.321+00"
"32720226","1669169872809","2022-11-23 02:17:52.809+00"
"32806709","1669256333369","2022-11-24 02:18:53.369+00"
"32893213","1669342796734","2022-11-25 02:19:56.734+00"
"32979682","1669429100464","2022-11-26 02:18:20.464+00"
"33066175","1669515500622","2022-11-27 02:18:20.622+00"
"33152688","1669602117319","2022-11-28 02:21:57.319+00"
"33239165","1669688491562","2022-11-29 02:21:31.562+00"
"33325698","1669774921257","2022-11-30 02:22:01.257+00"
"33412203","1669861478166","2022-12-01 02:24:38.166+00"
"33498695","1669947994248","2022-12-02 02:26:34.248+00"
"33585205","1670034531102","2022-12-03 02:28:51.102+00"
"33671695","1670121033219","2022-12-04 02:30:33.219+00"
"33758193","1670207526664","2022-12-05 02:32:06.664+00"
"33844704","1670294002663","2022-12-06 02:33:22.663+00"
"33931340","1670380748694","2022-12-07 02:39:08.694+00"
"34017880","1670467166274","2022-12-08 02:39:26.274+00"
"34104394","1670553627912","2022-12-09 02:40:27.912+00"
"34190904","1670640118813","2022-12-10 02:41:58.813+00"
"34277393","1670726594441","2022-12-11 02:43:14.441+00"
"34363876","1670813040558","2022-12-12 02:44:00.558+00"
"34450382","1670899515611","2022-12-13 02:45:15.611+00"
"34536912","1670985978467","2022-12-14 02:46:18.467+00"
"34623396","1671072394500","2022-12-15 02:46:34.5+00"
"34711204","1671160089682","2022-12-16 03:08:09.682+00"
"34798569","1671247260514","2022-12-17 03:21:00.514+00"
"34885138","1671333788757","2022-12-18 03:23:08.757+00"
"34971600","1671420256659","2022-12-19 03:24:16.659+00"
"35058079","1671506686796","2022-12-20 03:24:46.796+00"
"35144534","1671593124650","2022-12-21 03:25:24.65+00"
"35231009","1671679626665","2022-12-22 03:27:06.665+00"
"35317469","1671765965758","2022-12-23 03:26:05.758+00"
"35403936","1671852408131","2022-12-24 03:26:48.131+00"
"35490442","1671938856768","2022-12-25 03:27:36.768+00"
"35576914","1672025327624","2022-12-26 03:28:47.624+00"
"35663401","1672111713779","2022-12-27 03:28:33.779+00"
"35749883","1672198179143","2022-12-28 03:29:39.143+00"
"35836369","1672284643399","2022-12-29 03:30:43.399+00"
"35922866","1672371129066","2022-12-30 03:32:09.066+00"
"36009398","1672457640633","2022-12-31 03:34:00.633+00"
"36096016","1672544162745","2023-01-01 03:36:02.745+00"
"36182509","1672630569937","2023-01-02 03:36:09.937+00"
"36268975","1672717057106","2023-01-03 03:37:37.106+00"
"36355441","1672803479466","2023-01-04 03:37:59.466+00"
"36441891","1672889864681","2023-01-05 03:37:44.681+00"
"36528354","1672976336132","2023-01-06 03:38:56.132+00"
"36614813","1673062785223","2023-01-07 03:39:45.223+00"
"36701307","1673149197782","2023-01-08 03:39:57.782+00"
"36787802","1673235648525","2023-01-09 03:40:48.525+00"
"36874266","1673322126928","2023-01-10 03:42:06.928+00"
"36960739","1673408571199","2023-01-11 03:42:51.199+00"
"37047202","1673494974057","2023-01-12 03:42:54.057+00"
"37133635","1673581363542","2023-01-13 03:42:43.542+00"
"37220091","1673667776641","2023-01-14 03:42:56.641+00"
"37306604","1673754150748","2023-01-15 03:42:30.748+00"
"37393092","1673840692612","2023-01-16 03:44:52.612+00"
"37479609","1673927034104","2023-01-17 03:43:54.104+00"
"37566125","1674013520315","2023-01-18 03:45:20.315+00"
"37652627","1674100025787","2023-01-19 03:47:05.787+00"
"37739148","1674186479822","2023-01-20 03:47:59.822+00"
"37825649","1674272846889","2023-01-21 03:47:26.889+00"
"37912135","1674359365836","2023-01-22 03:49:25.836+00"
"37998711","1674445874207","2023-01-23 03:51:14.207+00"
"38085287","1674532407835","2023-01-24 03:53:27.835+00"
"38171877","1674618901069","2023-01-25 03:55:01.069+00"
"38258448","1674705391214","2023-01-26 03:56:31.214+00"
"38345025","1674791888480","2023-01-27 03:58:08.48+00"
"38431624","1674878486651","2023-01-28 04:01:26.651+00"
"38518215","1674965023463","2023-01-29 04:03:43.463+00"
"38604836","1675051621877","2023-01-30 04:07:01.877+00"
"38691524","1675138256881","2023-01-31 04:10:56.881+00"
"38778221","1675224874924","2023-02-01 04:14:34.924+00"
"38864971","1675311590837","2023-02-02 04:19:50.837+00"
"38951753","1675398311660","2023-02-03 04:25:11.66+00"
"39038642","1675485159777","2023-02-04 04:32:39.777+00"
"39125461","1675571843435","2023-02-05 04:37:23.435+00"
"39212350","1675658727291","2023-02-06 04:45:27.291+00"
"39298904","1675745217998","2023-02-07 04:46:57.998+00"
"39385392","1675831700318","2023-02-08 04:48:20.318+00"
"39471954","1675918279016","2023-02-09 04:51:19.016+00"
"39558455","1676004740967","2023-02-10 04:52:20.967+00"
"39644957","1676091236680","2023-02-11 04:53:56.68+00"
"39731442","1676177680364","2023-02-12 04:54:40.364+00"
"39817942","1676264184029","2023-02-13 04:56:24.029+00"
"39904441","1676350668368","2023-02-14 04:57:48.368+00"
"39990904","1676437072530","2023-02-15 04:57:52.53+00"
"40077401","1676523549057","2023-02-16 04:59:09.057+00"
"40163891","1676610065582","2023-02-17 05:01:05.582+00"
"40250378","1676696560359","2023-02-18 05:02:40.359+00"
"40336882","1676783047128","2023-02-19 05:04:07.128+00"
"40423389","1676869489243","2023-02-20 05:04:49.243+00"
"40509905","1676956037890","2023-02-21 05:07:17.89+00"
"40596406","1677042521554","2023-02-22 05:08:41.554+00"
"40682869","1677128984105","2023-02-23 05:09:44.105+00"
"40769334","1677215437624","2023-02-24 05:10:37.624+00"
"40855810","1677301830252","2023-02-25 05:10:30.252+00"
"40942296","1677388264561","2023-02-26 05:11:04.561+00"
"41028794","1677474706924","2023-02-27 05:11:46.924+00"
"41115364","1677561053723","2023-02-28 05:10:53.723+00"
"41201974","1677647645751","2023-03-01 05:14:05.751+00"
"41288518","1677734105793","2023-03-02 05:15:05.793+00"
"41375066","1677820529618","2023-03-03 05:15:29.618+00"
"41461578","1677907083333","2023-03-04 05:18:03.333+00"
"41548085","1677993521487","2023-03-05 05:18:41.487+00"
"41634550","1678079963017","2023-03-06 05:19:23.017+00"
"41721037","1678166346647","2023-03-07 05:19:06.647+00"
"41807566","1678252866949","2023-03-08 05:21:06.949+00"
"41894066","1678339427950","2023-03-09 05:23:47.95+00"
"41980642","1678425900166","2023-03-10 05:25:00.166+00"
"42067148","1678512319285","2023-03-11 05:25:19.285+00"
"42153627","1678598821556","2023-03-12 05:27:01.556+00"
"42240278","1678685370340","2023-03-13 05:29:30.34+00"
"42326801","1678771898562","2023-03-14 05:31:38.562+00"
"42413257","1678858341629","2023-03-15 05:32:21.629+00"
"42499726","1678944767066","2023-03-16 05:32:47.066+00"
"42586202","1679031178213","2023-03-17 05:32:58.213+00"
"42672688","1679117703430","2023-03-18 05:35:03.43+00"
"42759182","1679204059614","2023-03-19 05:34:19.614+00"
"42845694","1679290515582","2023-03-20 05:35:15.582+00"
"42932201","1679376895786","2023-03-21 05:34:55.786+00"
"43018667","1679463375172","2023-03-22 05:36:15.172+00"
"43105186","1679549883588","2023-03-23 05:38:03.588+00"
"43191741","1679636456124","2023-03-24 05:40:56.124+00"
"43278327","1679722943296","2023-03-25 05:42:23.296+00"
"43365025","1679809624065","2023-03-26 05:47:04.065+00"
"43451739","1679896252410","2023-03-27 05:50:52.41+00"
"43538315","1679982746046","2023-03-28 05:52:26.046+00"
"43624901","1680069256982","2023-03-29 05:54:16.982+00"
"43711664","1680155863564","2023-03-30 05:57:43.564+00"
"43798440","1680242640163","2023-03-31 06:04:00.163+00"
"43885171","1680329278919","2023-04-01 06:07:58.919+00"
"43972078","1680416029229","2023-04-02 06:13:49.229+00"
"44059003","1680502847983","2023-04-03 06:20:47.983+00"
"44145880","1680589673302","2023-04-04 06:27:53.302+00"
"44232744","1680676394704","2023-04-05 06:33:14.704+00"
"44319633","1680763373936","2023-04-06 06:42:53.936+00"
"44406435","1680850014437","2023-04-07 06:46:54.437+00"
"44493214","1680936804777","2023-04-08 06:53:24.777+00"
"44580040","1681023516262","2023-04-09 06:58:36.262+00"
"44666806","1681110320380","2023-04-10 07:05:20.38+00"
"44753589","1681197009545","2023-04-11 07:10:09.545+00"
"44840366","1681283575221","2023-04-12 07:12:55.221+00"
"44927066","1681370159864","2023-04-13 07:15:59.864+00"
"45013769","1681456864758","2023-04-14 07:21:04.758+00"
"45100433","1681543380341","2023-04-15 07:23:00.341+00"
"45187057","1681629970618","2023-04-16 07:26:10.618+00"
"45273717","1681716484933","2023-04-17 07:28:04.933+00"
"45360366","1681803189986","2023-04-18 07:33:09.986+00"
"45447004","1681889799178","2023-04-19 07:36:39.178+00"
"45533626","1681976445590","2023-04-20 07:40:45.59+00"
"45620241","1682063051785","2023-04-21 07:44:11.785+00"
"45706859","1682149700769","2023-04-22 07:48:20.769+00"
"45793469","1682236322338","2023-04-23 07:52:02.338+00"
"45880134","1682322993489","2023-04-24 07:56:33.489+00"
"45966787","1682409655184","2023-04-25 08:00:55.184+00"
"46053428","1682496318930","2023-04-26 08:05:18.93+00"
"46140114","1682582948203","2023-04-27 08:09:08.203+00"
"46226787","1682669662543","2023-04-28 08:14:22.543+00"
"46313408","1682756280237","2023-04-29 08:18:00.237+00"
"46400044","1682842885703","2023-04-30 08:21:25.703+00"
"46486686","1682929940955","2023-05-01 08:32:20.955+00"
"46573365","1683016141494","2023-05-02 08:29:01.494+00"
"46659998","1683102746217","2023-05-03 08:32:26.217+00"
"46746610","1683189416254","2023-05-04 08:36:56.254+00"
"46833266","1683275971281","2023-05-05 08:39:31.281+00"
"46919900","1683362569515","2023-05-06 08:42:49.515+00"
"47006531","1683449162959","2023-05-07 08:46:02.959+00"
"47093205","1683535767218","2023-05-08 08:49:27.218+00"
"47179835","1683622442485","2023-05-09 08:54:02.485+00"
"47266447","1683709023271","2023-05-10 08:57:03.271+00"
"47353071","1683795737601","2023-05-11 09:02:17.601+00"
"47439722","1683882432924","2023-05-12 09:07:12.924+00"
"47526361","1683968905280","2023-05-13 09:08:25.28+00"
"47612980","1684055629010","2023-05-14 09:13:49.01+00"
"47699437","1684142025203","2023-05-15 09:13:45.203+00"
"47785900","1684228464585","2023-05-16 09:14:24.585+00"
"47872332","1684314900212","2023-05-17 09:15:00.212+00"
"47958807","1684401333586","2023-05-18 09:15:33.586+00"
"48045391","1684487901079","2023-05-19 09:18:21.079+00"
"48132010","1684574513048","2023-05-20 09:21:53.048+00"
"48218606","1684661075633","2023-05-21 09:24:35.633+00"
"48305204","1684747738677","2023-05-22 09:28:58.677+00"
"48391791","1684834445452","2023-05-23 09:34:05.452+00"
"48478408","1684920832440","2023-05-24 09:33:52.44+00"
"48565014","1685007409580","2023-05-25 09:36:49.58+00"
"48651675","1685094144159","2023-05-26 09:42:24.159+00"
"48738294","1685180858666","2023-05-27 09:47:38.666+00"
"48824940","1685267351085","2023-05-28 09:49:11.085+00"
"48911561","1685354101868","2023-05-29 09:55:01.868+00"
"48998149","1685440696845","2023-05-30 09:58:16.845+00"
"49084757","1685527294434","2023-05-31 10:01:34.434+00"
"49171330","1685613801495","2023-06-01 10:03:21.495+00"
"49257854","1685700344293","2023-06-02 10:05:44.293+00"
"49344439","1685786843062","2023-06-03 10:07:23.062+00"
"49431044","1685873442436","2023-06-04 10:10:42.436+00"
"49517712","1685959986935","2023-06-05 10:13:06.935+00"
"49604261","1686046548813","2023-06-06 10:15:48.813+00"
"49690858","1686133141770","2023-06-07 10:19:01.77+00"
"49777496","1686219843359","2023-06-08 10:24:03.359+00"
"49864115","1686306351082","2023-06-09 10:25:51.082+00"
"49950721","1686393027583","2023-06-10 10:30:27.583+00"
"50037321","1686479475973","2023-06-11 10:31:15.973+00"
"50123927","1686566077900","2023-06-12 10:34:37.9+00"
"50210510","1686652653685","2023-06-13 10:37:33.685+00"
"50297107","1686739206432","2023-06-14 10:40:06.432+00"
"50383721","1686825782743","2023-06-15 10:43:02.743+00"
"50470182","1686912284890","2023-06-16 10:44:44.89+00"
"50556600","1686998688182","2023-06-17 10:44:48.182+00"
"50643013","1687085121527","2023-06-18 10:45:21.527+00"
"50729434","1687171525775","2023-06-19 10:45:25.775+00"
"50815866","1687257910754","2023-06-20 10:45:10.754+00"
"50902339","1687344348598","2023-06-21 10:45:48.598+00"
"50988801","1687430787127","2023-06-22 10:46:27.127+00"
"51075259","1687517205118","2023-06-23 10:46:45.118+00"
"51161731","1687603683802","2023-06-24 10:48:03.802+00"
"51248197","1687690135764","2023-06-25 10:48:55.764+00"
"51334672","1687776786190","2023-06-26 10:53:06.19+00"
"51421157","1687862978459","2023-06-27 10:49:38.459+00"
"51507633","1687949466508","2023-06-28 10:51:06.508+00"
"51594111","1688035846856","2023-06-29 10:50:46.856+00"
"51680598","1688122402357","2023-06-30 10:53:22.357+00"
"51767037","1688208790094","2023-07-01 10:53:10.094+00"
"51853496","1688295244257","2023-07-02 10:54:04.257+00"
"51939932","1688381677011","2023-07-03 10:54:37.011+00"
"52026375","1688468047471","2023-07-04 10:54:07.471+00"
"52112806","1688554435496","2023-07-05 10:53:55.496+00"
"52199238","1688640755941","2023-07-06 10:52:35.941+00"
"52285669","1688727144157","2023-07-07 10:52:24.157+00"
"52372090","1688813654615","2023-07-08 10:54:14.615+00"
"52458526","1688900039203","2023-07-09 10:53:59.203+00"
"52544956","1688986376574","2023-07-10 10:52:56.574+00"
"52631396","1689072815262","2023-07-11 10:53:35.262+00"
"52717840","1689159170529","2023-07-12 10:52:50.529+00"
"52804276","1689245504888","2023-07-13 10:51:44.888+00"
"52890704","1689331833266","2023-07-14 10:50:33.266+00"
"52977126","1689418196674","2023-07-15 10:49:56.674+00"
"53063551","1689504557769","2023-07-16 10:49:17.769+00"
"53149975","1689590996080","2023-07-17 10:49:56.08+00"
"53236395","1689677407422","2023-07-18 10:50:07.422+00"
"53322821","1689763800937","2023-07-19 10:50:00.937+00"
"53409246","1689850067990","2023-07-20 10:47:47.99+00"
"53495661","1689936488944","2023-07-21 10:48:08.944+00"
"53582079","1690022715048","2023-07-22 10:45:15.048+00"
"53668492","1690109242177","2023-07-23 10:47:22.177+00"
"53754928","1690195801677","2023-07-24 10:50:01.677+00"
"53841357","1690282073032","2023-07-25 10:47:53.032+00"
"53927780","1690368575487","2023-07-26 10:49:35.487+00"
"54014221","1690454780645","2023-07-27 10:46:20.645+00"
"54100638","1690541220043","2023-07-28 10:47:00.043+00"
"54187055","1690627443270","2023-07-29 10:44:03.27+00"
"54273475","1690713851303","2023-07-30 10:44:11.303+00"
"54359902","1690800166270","2023-07-31 10:42:46.27+00"
"54446333","1690886593444","2023-08-01 10:43:13.444+00"
"54532753","1690972841227","2023-08-02 10:40:41.227+00"
"54619174","1691059345552","2023-08-03 10:42:25.552+00"
"54705591","1691145589864","2023-08-04 10:39:49.864+00"
"54792013","1691231908023","2023-08-05 10:38:28.023+00"
"54878425","1691318205261","2023-08-06 10:36:45.261+00"
"54964838","1691404677697","2023-08-07 10:37:57.697+00"
"55051253","1691491010162","2023-08-08 10:36:50.162+00"
"55137666","1691577392169","2023-08-09 10:36:32.169+00"
"55224091","1691663591121","2023-08-10 10:33:11.121+00"
"55310516","1691749951906","2023-08-11 10:32:31.906+00"
"55396928","1691836138933","2023-08-12 10:28:58.933+00"
"55483342","1691922304921","2023-08-13 10:25:04.921+00"
"55569749","1692008880992","2023-08-14 10:28:00.992+00"
"55656158","1692095158287","2023-08-15 10:25:58.287+00"
"55742565","1692181405552","2023-08-16 10:23:25.552+00"
"55828969","1692267710406","2023-08-17 10:21:50.406+00"
"55915374","1692353901732","2023-08-18 10:18:21.732+00"
"56001789","1692440275686","2023-08-19 10:17:55.686+00"
"56088200","1692526690540","2023-08-20 10:18:10.54+00"
"56174605","1692613051579","2023-08-21 10:17:31.579+00"
"56261014","1692699394205","2023-08-22 10:16:34.205+00"
"56347418","1692785684387","2023-08-23 10:14:44.387+00"
"56433823","1692872052190","2023-08-24 10:14:12.19+00"
"56520224","1692958385187","2023-08-25 10:13:05.187+00"
"56606632","1693044794184","2023-08-26 10:13:14.184+00"
"56688757","1693126799000","2023-08-27 08:59:59+00"
"56693044","1693131146022","2023-08-27 10:12:26.022+00"
"56775095","1693213202000","2023-08-28 09:00:02+00"
"56779459","1693217609890","2023-08-28 10:13:29.89+00"
"56861534","1693299601000","2023-08-29 09:00:01+00"
"56865883","1693303918610","2023-08-29 10:11:58.61+00"
"56948000","1693386000000","2023-08-30 09:00:00+00"
"56952299","1693390265571","2023-08-30 10:11:05.571+00"
"57034405","1693472399000","2023-08-31 08:59:59+00"
"57038712","1693476676027","2023-08-31 10:11:16.027+00"
"57120814","1693558802000","2023-09-01 09:00:02+00"
"57125137","1693563080668","2023-09-01 10:11:20.668+00"
"57207316","1693645201000","2023-09-02 09:00:01+00"
"57211560","1693649420876","2023-09-02 10:10:20.876+00"
"57293768","1693731602000","2023-09-03 09:00:02+00"
"57297993","1693735814313","2023-09-03 10:10:14.313+00"
"57380180","1693818002000","2023-09-04 09:00:02+00"
"57384421","1693822223909","2023-09-04 10:10:23.909+00"
"57466600","1693904401000","2023-09-05 09:00:01+00"
"57470856","1693908658013","2023-09-05 10:10:58.013+00"
"57552942","1693990800000","2023-09-06 09:00:00+00"
"57557277","1693995080223","2023-09-06 10:11:20.223+00"
"57639441","1694077199000","2023-09-07 08:59:59+00"
"57643690","1694081509585","2023-09-07 10:11:49.585+00"
"57725882","1694163598000","2023-09-08 08:59:58+00"
"57730110","1694167791869","2023-09-08 10:09:51.869+00"
"57816512","1694254182160","2023-09-09 10:09:42.16+00"
"57829577","1694267272000","2023-09-09 13:47:52+00"
"57898795","1694336401000","2023-09-10 09:00:01+00"
"57902937","1694340571504","2023-09-10 10:09:31.504+00"
"57985137","1694422800000","2023-09-11 09:00:00+00"
"57989352","1694426962972","2023-09-11 10:09:22.972+00"
"58071594","1694509199000","2023-09-12 08:59:59+00"
"58075774","1694513362312","2023-09-12 10:09:22.312+00"
"58161563","1694599129000","2023-09-13 09:58:49+00"
"58162195","1694599738939","2023-09-13 10:08:58.939+00"
"58244499","1694682001000","2023-09-14 09:00:01+00"
"58248652","1694686093680","2023-09-14 10:08:13.68+00"
"58330938","1694768399000","2023-09-15 08:59:59+00"
"58335080","1694772534809","2023-09-15 10:08:54.809+00"
"58417423","1694854802000","2023-09-16 09:00:02+00"
"58421543","1694858917494","2023-09-16 10:08:37.494+00"
"58503825","1694941201000","2023-09-17 09:00:01+00"
"58507950","1694945274245","2023-09-17 10:07:54.245+00"
"58590311","1695027602000","2023-09-18 09:00:02+00"
"58594354","1695031601119","2023-09-18 10:06:41.119+00"
"58676695","1695114000000","2023-09-19 09:00:00+00"
"58680769","1695118013716","2023-09-19 10:06:53.716+00"
"58763155","1695200401000","2023-09-20 09:00:01+00"
"58767201","1695204401076","2023-09-20 10:06:41.076+00"
"58849691","1695286802000","2023-09-21 09:00:02+00"
"58853620","1695290728874","2023-09-21 10:05:28.874+00"
"58935991","1695373202000","2023-09-22 09:00:02+00"
"58940038","1695377134560","2023-09-22 10:05:34.56+00"
"59022477","1695459600000","2023-09-23 09:00:00+00"
"59026477","1695463533144","2023-09-23 10:05:33.144+00"
"59109004","1695546001000","2023-09-24 09:00:01+00"
"59112930","1695549901290","2023-09-24 10:05:01.29+00"
"59195413","1695632400000","2023-09-25 09:00:00+00"
"59199433","1695636449024","2023-09-25 10:07:29.024+00"
"59281846","1695718801000","2023-09-26 09:00:01+00"
"59285897","1695722883106","2023-09-26 10:08:03.106+00"
"59368289","1695805198000","2023-09-27 08:59:58+00"
"59372321","1695809186061","2023-09-27 10:06:26.061+00"
"59454640","1695891598000","2023-09-28 08:59:58+00"
"59458758","1695895670016","2023-09-28 10:07:50.016+00"
"59542234","1695979020000","2023-09-29 09:17:00+00"
"59546811","1695983561206","2023-09-29 10:32:41.206+00"
"59627652","1696064401000","2023-09-30 09:00:01+00"
"59633361","1696070202194","2023-09-30 10:36:42.194+00"
"59714158","1696150799000","2023-10-01 08:59:59+00"
"59721472","1696158025552","2023-10-01 11:00:25.552+00"
"59800586","1696237199000","2023-10-02 08:59:59+00"
"59808445","1696245093815","2023-10-02 11:11:33.815+00"
"59887099","1696323601000","2023-10-03 09:00:01+00"
"59895054","1696331484118","2023-10-03 11:11:24.118+00"
"59973690","1696410000000","2023-10-04 09:00:00+00"
"59981626","1696417982268","2023-10-04 11:13:02.268+00"
"60060216","1696496401000","2023-10-05 09:00:01+00"
"60068185","1696504374447","2023-10-05 11:12:54.447+00"
"60136681","1696572878831","2023-10-06 06:14:38.831+00"
"60146640","1696582803000","2023-10-06 09:00:03+00"
"60206137","1696642258105","2023-10-07 01:30:58.105+00"
"60233055","1696669199000","2023-10-07 08:59:59+00"
"60275899","1696711943327","2023-10-07 20:52:23.327+00"
"60319617","1696755600000","2023-10-08 09:00:00+00"
"60406060","1696842000482","2023-10-09 09:00:00.482+00"
"60492558","1696928402481","2023-10-10 09:00:02.481+00"
"60578964","1697014800826","2023-10-11 09:00:00.826+00"
"60665359","1697101199167","2023-10-12 08:59:59.167+00"
"60751791","1697187598841","2023-10-13 08:59:58.841+00"
"60838162","1697274000803","2023-10-14 09:00:00.803+00"
"60924661","1697360400623","2023-10-15 09:00:00.623+00"
"61011154","1697446802608","2023-10-16 09:00:02.608+00"
"61097520","1697533202685","2023-10-17 09:00:02.685+00"
"61183979","1697619602616","2023-10-18 09:00:02.616+00"
"61270409","1697706003836","2023-10-19 09:00:03.836+00"
"61356859","1697792404176","2023-10-20 09:00:04.176+00"
"61443251","1697878803507","2023-10-21 09:00:03.507+00"
"61529695","1697965201789","2023-10-22 09:00:01.789+00"
"61616119","1698051603496","2023-10-23 09:00:03.496+00"
"61702517","1698138001880","2023-10-24 09:00:01.88+00"
"61788982","1698224401670","2023-10-25 09:00:01.67+00"
"61875419","1698310800535","2023-10-26 09:00:00.535+00"
"61961933","1698397202927","2023-10-27 09:00:02.927+00"
"62048329","1698483601000","2023-10-28 09:00:01+00"
"62048329","1698483601465","2023-10-28 09:00:01.465+00"
"62134745","1698570002576","2023-10-29 09:00:02.576+00"
"62221111","1698656402938","2023-10-30 09:00:02.938+00"
"62307640","1698742800750","2023-10-31 09:00:00.75+00"
"62393941","1698829202102","2023-11-01 09:00:02.102+00"
"62480462","1698915602739","2023-11-02 09:00:02.739+00"
"62566899","1699002001283","2023-11-03 09:00:01.283+00"
"62653281","1699088400148","2023-11-04 09:00:00.148+00"
"62739740","1699174800333","2023-11-05 09:00:00.333+00"
"62826171","1699261200702","2023-11-06 09:00:00.702+00"
"62912655","1699347599452","2023-11-07 08:59:59.452+00"
"63002703","1699437599393","2023-11-08 09:59:59.393+00"
"63007634","1699442503888","2023-11-08 11:21:43.888+00"
"63098762","1699533576214","2023-11-09 12:39:36.214+00"
"63098762","1699533576214","2023-11-09 12:39:36.214+00"
"63171974","1699606800776","2023-11-10 09:00:00.776+00"
"63258410","1699693201881","2023-11-11 09:00:01.881+00"
"63344894","1699779600862","2023-11-12 09:00:00.862+00"
"63431280","1699866001422","2023-11-13 09:00:01.422+00"
"63517765","1699952402511","2023-11-14 09:00:02.511+00"
"63604200","1700038801831","2023-11-15 09:00:01.831+00"
"63690742","1700125199919","2023-11-16 08:59:59.919+00"
"63777117","1700211601278","2023-11-17 09:00:01.278+00"
"63863640","1700297999530","2023-11-18 08:59:59.53+00"
"63950072","1700384404277","2023-11-19 09:00:04.277+00"
"63967802","1700402116050","2023-11-19 13:55:16.05+00"
"64042111","1700476404762","2023-11-20 10:33:24.762+00"
"64122941","1700557203118","2023-11-21 09:00:03.118+00"
"64209414","1700643601333","2023-11-22 09:00:01.333+00"
"64295890","1700730002023","2023-11-23 09:00:02.023+00"
"64382246","1700816401953","2023-11-24 09:00:01.953+00"
"64468719","1700902802059","2023-11-25 09:00:02.059+00"
"64555235","1700989201666","2023-11-26 09:00:01.666+00"
"64641720","1701075603127","2023-11-27 09:00:03.127+00"
"64728129","1701162000468","2023-11-28 09:00:00.468+00"
"64814717","1701248401602","2023-11-29 09:00:01.602+00"
"64901162","1701334801507","2023-11-30 09:00:01.507+00"
"64987666","1701421201925","2023-12-01 09:00:01.925+00"
"65074110","1701507603114","2023-12-02 09:00:03.114+00"
"65160599","1701594000426","2023-12-03 09:00:00.426+00"
"65247063","1701680401066","2023-12-04 09:00:01.066+00"
"65333556","1701766800392","2023-12-05 09:00:00.392+00"
"65419977","1701853200701","2023-12-06 09:00:00.701+00"
"65506508","1701939599701","2023-12-07 08:59:59.701+00"
"65592992","1702026002249","2023-12-08 09:00:02.249+00"
"65679420","1702112400057","2023-12-09 09:00:00.057+00"
"65765859","1702198799420","2023-12-10 08:59:59.42+00"
"65852298","1702285200906","2023-12-11 09:00:00.906+00"
"65938767","1702371597444","2023-12-12 08:59:57.444+00"
"66025302","1702458001478","2023-12-13 09:00:01.478+00"
"66111687","1702544397586","2023-12-14 08:59:57.586+00"
"66198160","1702630800810","2023-12-15 09:00:00.81+00"
"66284672","1702717198872","2023-12-16 08:59:58.872+00"
"66370518","1702803601541","2023-12-17 09:00:01.541+00"
"66456939","1702889998797","2023-12-18 08:59:58.797+00"
"66543423","1702976395654","2023-12-19 08:59:55.654+00"
"66629827","1703062798253","2023-12-20 08:59:58.253+00"
"66716252","1703149202272","2023-12-21 09:00:02.272+00"
"66802712","1703235601681","2023-12-22 09:00:01.681+00"
"66889128","1703322001128","2023-12-23 09:00:01.128+00"
"66975535","1703408402310","2023-12-24 09:00:02.31+00"
"67062006","1703494802187","2023-12-25 09:00:02.187+00"
"67148455","1703581200372","2023-12-26 09:00:00.372+00"
"67234880","1703667599451","2023-12-27 08:59:59.451+00"
"67321315","1703754002940","2023-12-28 09:00:02.94+00"
"67407726","1703840401264","2023-12-29 09:00:01.264+00"
"67494218","1703926799704","2023-12-30 08:59:59.704+00"
"67580619","1704013200595","2023-12-31 09:00:00.595+00"
"67667039","1704099601945","2024-01-01 09:00:01.945+00"
"67753471","1704186000501","2024-01-02 09:00:00.501+00"
"67839947","1704272400357","2024-01-03 09:00:00.357+00"
"67926378","1704358801662","2024-01-04 09:00:01.662+00"
"68012846","1704445199259","2024-01-05 08:59:59.259+00"
"68100514","1704531598157","2024-01-06 08:59:58.157+00"
"68189378","1704617989539","2024-01-07 08:59:49.539+00"
"68219077","1704646733417","2024-01-07 16:58:53.417+00"
"68289255","1704715197161","2024-01-08 11:59:57.161+00"
"68366535","1704790797831","2024-01-09 08:59:57.831+00"
"68455554","1704877201399","2024-01-10 09:00:01.399+00"
"68544384","1704963601412","2024-01-11 09:00:01.412+00"
"68633018","1705049999931","2024-01-12 08:59:59.931+00"
"68721712","1705136401358","2024-01-13 09:00:01.358+00"
"68810204","1705222800707","2024-01-14 09:00:00.707+00"
"68898616","1705309200744","2024-01-15 09:00:00.744+00"
"68987137","1705395601623","2024-01-16 09:00:01.623+00"
"69075625","1705481999189","2024-01-17 08:59:59.189+00"
"69164200","1705568399045","2024-01-18 08:59:59.045+00"
"69252371","1705654799565","2024-01-19 08:59:59.565+00"
"69340785","1705741198325","2024-01-20 08:59:58.325+00"
"69429029","1705827602109","2024-01-21 09:00:02.109+00"
"69517365","1705914001763","2024-01-22 09:00:01.763+00"
"69605516","1706000400183","2024-01-23 09:00:00.183+00"
"69694070","1706086798710","2024-01-24 08:59:58.71+00"
